id,firstname
100,Ilse
101,Neila
102,Merle
103,Jackie
104,Paulita
105,Myrtice
106,Brana
107,Nickie
108,Feliza
109,Belva
110,Ulrike
111,Violet
112,Alleen
113,Vivia
114,Agnese
115,Dacia
116,Caryl
117,Aigneis
118,Ursulina
119,Fredericka
120,Jessamyn
121,Jillayne
122,Suzette
123,Candi
124,Kirstin
125,Ardenia
126,Minne
127,Maurene
128,Modestia
129,Alejandra
130,Viki
131,Claudina
132,Fayre
133,Yvonne
134,Dode
135,Delilah
136,Babita
137,Bill
138,Jaime
139,Britni
140,Alyssa
141,Siana
142,Amalie
143,Merci
144,Melisent
145,Fawne
146,Tarra
147,Winifred
148,Frieda
149,Mathilda
150,Rochette
151,Mary
152,Harrietta
153,Shandie
154,Ardenia
155,Laurene
156,Brana
157,Rebeca
158,Dorthy
159,Nita
160,Heida
161,Lily
162,Celestyna
163,Ernesta
164,Aigneis
165,Tamqrah
166,Norine
167,Wanda
168,Ketti
169,Tori
170,Catharine
171,Ronna
172,Janey
173,Belva
174,Tina
175,Ofilia
176,Eve
177,Fanny
178,Lilith
179,Regina
180,Donnie
181,Dolli
182,Ekaterina
183,Frieda
184,Jan
185,Latisha
186,Trudie
187,Sherrie
188,Gretal
189,Trudie
190,Sonni
191,Wanda
192,Zondra
193,Lynea
194,Gretal
195,Mariele
196,Emmey
197,Paule
198,Elise
199,Albertina
200,Angela
201,Raina
202,Robbi
203,Marjie
204,Averyl
205,Hyacinthe
206,Penelopa
207,Ivett
208,Jan
209,Teriann
210,Aubrie
211,Delilah
212,Mureil
213,Leeanne
214,Kelly
215,Melanie
216,Lauryn
217,Anica
218,Christal
219,Yolane
220,Glynnis
221,Evita
222,Lesly
223,Catrina
224,Melina
225,Farrah
226,Katleen
227,Sabina
228,Mariann
229,Corry
230,Brynna
231,Genevra
232,Althea
233,Elka
234,Lyssa
235,Lucy
236,Lindie
237,Jolyn
238,Grier
239,Jenilee
240,Elsie
241,Bill
242,Candy
243,Kate
244,Sindee
245,Karlee
246,Gilda
247,Jacenta
248,Deloria
249,Dacia
250,Genovera
251,Fanny
252,Jessy
253,Tomasina
254,Raquela
255,Livvyy
256,Sophia
257,Clary
258,Chloris
259,Kary
260,Ayn
261,Aeriela
262,Modestia
263,Emylee
264,Tatiania
265,Mariele
266,Doro
267,Edee
268,Madalyn
269,Ninnetta
270,Cyb
271,Violet
272,Olwen
273,Emelina
274,Maridel
275,Xylina
276,Ardys
277,Winifred
278,Pollyanna
279,Lindie
280,Caryl
281,Ardys
282,Minne
283,Vita
284,Fanchon
285,Celisse
286,Vevay
287,Nyssa
288,Althea
289,Augustine
290,Sabina
291,Arabel
292,Meghann
293,Theodora
294,Lisette
295,Blinni
296,Jemie
297,Carree
298,Dagmar
299,Cordi
300,Diena
301,Zsa Zsa
302,Sadie
303,Doralynne
304,Jsandye
305,Chastity
306,Karly
307,Vere
308,Gui
309,Kore
310,Raf
311,Susette
312,Leia
313,Elfreda
314,Barbi
315,Marleah
316,Wilma
317,Dede
318,Paulita
319,Sindee
320,Beth
321,Annice
322,Ulrike
323,Vere
324,Mahalia
325,Raf
326,Shaylyn
327,Jacenta
328,Raina
329,Deane
330,Ileana
331,Anthia
332,Shannah
333,Edyth
334,Aryn
335,Lonnie
336,Alyda
337,Robbi
338,Carmencita
339,Gisela
340,Joane
341,Moyna
342,Laure
343,Janey
344,Joceline
345,Elie
346,Dagmar
347,Ellette
348,Claudina
349,Dorothy
350,Elsie
351,Ekaterina
352,Lilith
353,Aigneis
354,Helena
355,Sonni
356,Susan
357,Xylina
358,Wileen
359,Donnie
360,Gabi
361,Stevana
362,Yolane
363,Dotty
364,Isa
365,Estell
366,Pollyanna
367,Audrie
368,Bertine
369,Joeann
370,Bee
371,Gui
372,Camile
373,Lucy
374,Rosaline
375,Ekaterina
376,Kelly
377,Lolita
378,Gilda
379,Keelia
380,Jsandye
381,Steffane
382,Brianna
383,Ezmeralda
384,Nonnah
385,Emmey
386,Kassey
387,Elka
388,Perry
389,Regina
390,Agathe
391,Sharlene
392,Catrina
393,Lynde
394,Kimberley
395,Jacenta
396,Joane
397,Felice
398,Roz
399,Agnese
400,Veda
401,Andree
402,Ariela
403,Maridel
404,Correy
405,Albertina
406,Merry
407,Mary
408,Sheelagh
409,Johna
410,Lesly
411,Vinita
412,Valeda
413,Sonni
414,Margalo
415,Britte
416,Theodora
417,Babita
418,Ilse
419,Hannis
420,Carol-Jean
421,Pearline
422,Shaine
423,Willetta
424,Deloria
425,Atlanta
426,Carree
427,Tarra
428,Celene
429,Ofilia
430,Josephine
431,Livvyy
432,Cassondra
433,Kirbee
434,Fidelia
435,Vita
436,Julieta
437,Leia
438,Karina
439,Raf
440,Kate
441,Glynnis
442,Lolita
443,Aeriela
444,Leanna
445,Carlie
446,Sissy
447,Ninnetta
448,Hayley
449,Hettie
450,Valeda
451,Ethel
452,Bobinette
453,Meghann
454,Frances
455,Philis
456,Arlina
457,Stacey
458,Rayna
459,Gaylene
460,Johna
461,Chickie
462,Tami
463,Yetty
464,Zia
465,Jerry
466,Layla
467,Belva
468,Sean
469,Margarette
470,Adore
471,Agathe
472,Carmencita
473,Wileen
474,Lynde
475,Lilith
476,Gilda
477,Gilda
478,Kirstin
479,Shauna
480,Gerianna
481,Collen
482,Binny
483,Zsa Zsa
484,Cindelyn
485,Annabela
486,Adele
487,Rubie
488,Albertina
489,Fanchon
490,Marika
491,Madalyn
492,Janis
493,Carmela
494,Alyda
495,Consuela
496,Allyce
497,Christian
498,Chrystel
499,Raquela
500,Dorene
501,Tina
502,Gilda
503,Rosanne
504,Ariela
505,Korrie
506,Laure
507,Benita
508,Stacey
509,Jaime
510,Ellette
511,Madeleine
512,Janis
513,Thalia
514,Correy
515,Romona
516,Lolita
517,Shandie
518,Robinia
519,Marline
520,Glynnis
521,Morganica
522,Beverley
523,Kenna
524,Oona
525,Maisey
526,Nananne
527,Genevra
528,Rosabelle
529,Ariela
530,Zia
531,Belinda
532,Hildegaard
533,Elmira
534,Clementine
535,Audrie
536,Sean
537,Cacilie
538,Tonia
539,Nita
540,Rozele
541,Leanna
542,Camile
543,Coral
544,Devina
545,Carmela
546,Kalina
547,Netty
548,Xylina
549,Gerianna
550,Antonietta
551,Kore
552,Dennie
553,Demetris
554,Kaia
555,Celestyna
556,Ethel
557,Belinda
558,Margette
559,Susan
560,Dorene
561,Amalie
562,Ashlee
563,Arlina
564,Jasmina
565,Rhea
566,Linzy
567,Selma
568,Xylina
569,Corina
570,Evaleen
571,Allyce
572,Elyssa
573,Suzette
574,Aryn
575,Correy
576,Anestassia
577,Elmira
578,Jennica
579,Aubrie
580,Rubie
581,Katleen
582,Candy
583,Tamqrah
584,Susan
585,Marika
586,Norine
587,Konstance
588,Benita
589,Jemie
590,Winifred
591,Arlena
592,Steffane
593,Alejandra
594,Collen
595,Dyann
596,Laure
597,Katuscha
598,Melisent
599,Nickie
600,Atlanta
601,Norine
602,Cyndie
603,Kittie
604,Cathie
605,Sibella
606,Frank
607,Sallie
608,Mariele
609,Rayna
610,Joceline
611,Tonia
612,Ingrid
613,Tatiania
614,Mireielle
615,Iseabal
616,Valli
617,Joy
618,Susette
619,Barbara
620,Carly
621,Carol-Jean
622,Merry
623,Deloria
624,Sandie
625,Willetta
626,Dawn
627,Elvira
628,June
629,Kellen
630,Siana
631,Kimberley
632,Eadie
633,Almeta
634,Rozele
635,Renie
636,Jessamyn
637,Trixi
638,Celene
639,Lonnie
640,Kassey
641,Glenda
642,Sheree
643,Yvonne
644,Allis
645,Loree
646,Sonni
647,Netty
648,Wendi
649,Anica
650,Elsie
651,Cindelyn
652,Kara-Lynn
653,Lauryn
654,Elka
655,Margette
656,Lisette
657,Lonnie
658,Aubrie
659,Gianina
660,Lanae
661,Mara
662,Ruthe
663,Nelle
664,Regina
665,Hayley
666,Binny
667,Oona
668,Lulita
669,Rochette
670,Di
671,Dorothy
672,Clementine
673,Jean
674,Edyth
675,Sadie
676,Joleen
677,Debee
678,Collen
679,Gui
680,Cherrita
681,Therine
682,Grier
683,Lolita
684,Gabi
685,Marcelline
686,Aeriela
687,Michaelina
688,Sheelagh
689,Christal
690,Kamilah
691,Elvira
692,Ardys
693,Imojean
694,Vonny
695,Courtnay
696,Meriel
697,Vita
698,Aimil
699,Moyna
700,Shel
701,Gilda
702,Vere
703,Rani
704,Berta
705,Marnia
706,Courtnay
707,Clementine
708,Joelly
709,Diena
710,Drucie
711,Coral
712,Celene
713,Selma
714,Caryl
715,Dode
716,Violet
717,Nicoli
718,Corly
719,Chere
720,Coral
721,Madeleine
722,Lynde
723,Perry
724,Molli
725,Desirae
726,Karly
727,Berta
728,Yolane
729,Addia
730,Nataline
731,Hermione
732,Libbie
733,Brandise
734,Merci
735,Elise
736,Jobi
737,Belva
738,Ermengarde
739,Lynnea
740,Mariele
741,Ruthe
742,Adriana
743,Althea
744,Kaja
745,Melodie
746,Ardenia
747,Bee
748,Courtnay
749,Ginnie
750,Anallese
751,Anestassia
752,Gale
753,Cyb
754,Lulita
755,Ernesta
756,Cindelyn
757,Ulrike
758,Janeczka
759,Lorne
760,Nataline
761,Briney
762,Florencia
763,Karly
764,Vonny
765,Hayley
766,Annaliese
767,Cassandra
768,Jean
769,Dolli
770,Flory
771,Brena
772,Nelle
773,Ethel
774,Gabi
775,Valli
776,Taffy
777,Kaia
778,Dennie
779,Quintina
780,Winifred
781,Deane
782,Sandie
783,Averyl
784,Mathilda
785,Lyssa
786,Lucille
787,Calla
788,Damaris
789,Britni
790,Mellicent
791,Brandise
792,Laure
793,Margette
794,Linzy
795,Kara-Lynn
796,Correy
797,Celisse
798,Lita
799,Sindee
800,Adele
801,Wilma
802,Emylee
803,Tiffie
804,Maye
805,Annora
806,Janeczka
807,Fidelia
808,Bettine
809,Gabriellia
810,Danny
811,Brena
812,Katuscha
813,Alameda
814,Steffane
815,Lanae
816,Yvonne
817,Joy
818,Cassandra
819,Heida
820,Codie
821,Gwenneth
822,Lorne
823,Misha
824,Chloris
825,Daryl
826,Britni
827,Julieta
828,Ofilia
829,Gusella
830,Ginnie
831,Wynne
832,Orsola
833,Pollyanna
834,Ketti
835,Queenie
836,Harrietta
837,Nita
838,Renae
839,Etta
840,Kellen
841,Harrietta
842,Mara
843,Elyssa
844,Emylee
845,Bettine
846,Tani
847,Trixi
848,Gale
849,Tarra
850,Lynnea
851,Ira
852,Gaylene
853,Ida
854,Bill
855,Jennica
856,Giustina
857,Audrie
858,Linet
859,Karina
860,Aubrie
861,Fanny
862,Imojean
863,Florencia
864,Jackie
865,Emma
866,Kalina
867,Mary
868,Daryl
869,Ulrike
870,Ethel
871,Dorene
872,Raina
873,Karlee
874,Paulita
875,Estell
876,Annaliese
877,Gretal
878,Gale
879,Roberta
880,Zondra
881,Gertrud
882,Gratia
883,Mariann
884,Noelle
885,Dorice
886,Lindie
887,Beatriz
888,Leona
889,Minda
890,Donnie
891,Gusella
892,Romona
893,Gratia
894,Dianemarie
895,Gerianna
896,Elsie
897,Leeanne
898,Allyce
899,Fanchon
900,Cecile
901,Tarra
902,Eugine
903,Lorenza
904,Max
905,Corene
906,Aeriela
907,Mamie
908,Dennie
909,Melodie
910,Maisey
911,Marleah
912,Tilly
913,Ardenia
914,Tani
915,Gui
916,Gavrielle
917,Molli
918,Caressa
919,Rhea
920,Merrie
921,Sindee
922,Flo
923,Jobi
924,Brynna
925,Viviene
926,Natka
927,Agnese
928,Tiffie
929,Georgina
930,Goldie
931,Elena
932,Madelle
933,Georgina
934,Helsa
935,Florencia
936,Janey
937,Pollyanna
938,Maridel
939,Aili
940,Ericka
941,Nananne
942,Lila
943,Lyssa
944,Patricia
945,Hayley
946,Ardeen
947,Oona
948,Annice
949,Clary
950,Jaime
951,Emelina
952,Hettie
953,Allis
954,Jasmina
955,Gusella
956,Nollie
957,Clementine
958,Maryellen
959,Vita
960,Gui
961,Molli
962,Ursulina
963,Jerry
964,Ericka
965,Dolli
966,Lucille
967,Steffane
968,Amalie
969,Lesly
970,Kaia
971,Kimberley
972,Arlena
973,Kenna
974,Jillayne
975,Dorene
976,Clo
977,Rosaline
978,Jacquetta
979,Marleah
980,Kayla
981,Dorene
982,Kayla
983,Marcy
984,Jsandye
985,Nataline
986,Di
987,Ivett
988,Rani
989,Courtnay
990,Elbertina
991,Ottilie
992,Karlee
993,Anestassia
994,Cordi
995,Dagmar
996,Robinia
997,Harrietta
998,Aurore
999,Janey
1000,Morganica
1001,Halette
1002,Leona
1003,Dolli
1004,Sophia
1005,Anica
1006,Anica
1007,Vevay
1008,Janeczka
1009,Kial
1010,Dawn
1011,Jorry
1012,Odessa
1013,Adelle
1014,Sidoney
1015,Nicoli
1016,Courtnay
1017,Inga
1018,Leeanne
1019,Tonia
1020,June
1021,Tamqrah
1022,Millie
1023,Kary
1024,Sarette
1025,Addia
1026,Justinn
1027,Elena
1028,Sophia
1029,Wynne
1030,Sean
1031,Malina
1032,Annora
1033,Ida
1034,Leia
1035,Dania
1036,Robinia
1037,Maud
1038,Rayna
1039,Tiffie
1040,Aubrie
1041,Linet
1042,Korrie
1043,Correy
1044,Rhea
1045,Gerrie
1046,Cissiee
1047,Aurelie
1048,Helsa
1049,Dari
1050,Jere
1051,Sallie
1052,Mariele
1053,Babita
1054,Emma
1055,Trixi
1056,Ginnie
1057,Demetris
1058,Glenda
1059,Vonny
1060,Ericka
1061,Lilith
1062,Bobinette
1063,Lorne
1064,Alleen
1065,Lucy
1066,Joane
1067,Zaria
1068,Melina
1069,Corene
1070,Nataline
1071,Danny
1072,Claresta
1073,Sheelagh
1074,Lynde
1075,Fidelia
1076,Florie
1077,Anestassia
1078,Nariko
1079,Regina
1080,Lyssa
1081,Dania
1082,Gabi
1083,Brooks
1084,Ethel
1085,Janeczka
1086,Cyb
1087,Rochette
1088,Xylina
1089,Ernesta
1090,Marinna
1091,Dale
1092,Jeanna
1093,Nananne
1094,Celene
1095,Daune
1096,Molli
1097,Caryl
1098,Eadie
1099,Jackie
